dong,n,rent_mean,rent_median,rent_conv_mean,deposit_mean,deposit_median,area_mean,rent_per_area_mean,rent_per_area_median,reliable
천왕동,4146,21.670767004341535,15.0,45.25110528219971,6288.090207428847,5401.5,42.36643270622287,0.5249812123429384,0.4640746429712463,True
항동,1885,28.49389920424403,17.0,60.47393899204244,8528.010610079575,7358.0,49.37967055702918,0.5474725609154529,0.3507892758707091,True
내곡동,793,35.16267339218159,30.0,92.73183638083229,15351.776796973518,8728.0,53.982244640605295,0.6217249565698778,0.655624568668047,True
신문로1가,3,51.666666666666664,65.0,170.41666666666666,31666.666666666668,35000.0,81.28,0.6356627296587927,0.7997047244094488,False
남대문로5가,3,84.33333333333333,63.0,477.7708333333333,104916.66666666667,100000.0,130.45333333333335,0.6798151136110816,0.49692380501656414,False
장지동,3420,41.33011695906433,29.0,109.30942507309942,18127.815497076022,7622.0,57.400814619883036,0.6802232881315506,0.5751437859464866,True
강일동,7709,27.603320793877288,22.0,51.1694177260345,6284.292515241925,5128.0,43.253213386950314,0.7640244119730326,0.5410821643286573,True
상일동,5641,37.814217337351536,23.0,94.74005096614074,15180.222301010459,8000.0,46.552462683921284,0.7954180984646539,0.6209935897435898,True
문래동1가,53,27.9811320754717,20.0,100.76650943396227,19409.43396226415,29000.0,38.588490566037734,0.8042529672616793,0.657030223390276,True
압구정동,687,78.70160116448326,80.0,322.02359898107716,64885.86608442503,60000.0,102.59764192139738,0.839273761108198,0.7687379884689302,True
용산동5가,15,96.66666666666667,100.0,509.14166666666665,109993.33333333333,110000.0,114.98666666666666,0.8465850103260995,0.9191176470588235,False
현저동,394,51.68527918781726,20.0,105.94979695431472,14470.53807106599,5000.0,51.481142131979695,0.8526531893973317,0.48148148148148145,True
마천동,4153,35.50421382133398,31.0,56.23691728870696,5528.720924632796,3052.0,46.10249723091741,0.9030620199952772,0.8205893323386796,True
궁동,1195,39.29456066945607,40.0,57.96370502092051,4978.438493723849,2197.0,47.47846025104603,0.9164371879735497,0.911577028258888,True
당주동,15,89.53333333333333,90.0,149.03333333333333,15866.666666666666,5000.0,103.844,0.9283548126568508,0.9569377990430622,False
신내동,5655,41.5709991158267,32.0,68.04017617152962,7058.447214854112,5000.0,47.52954252873564,0.9425960896817791,0.6855040963049657,True
도원동,318,60.38364779874214,43.0,141.2094496855346,21553.54716981132,20000.0,61.03270440251572,0.9739611383322682,0.7356382111743642,True
길음동,3494,56.113623354321696,45.0,119.13035131654264,16804.460789925586,8000.0,56.983941614195764,0.9847368206267714,0.8237232289950577,True
재동,3,66.66666666666667,50.0,120.41666666666667,14333.333333333334,20000.0,102.43333333333334,0.9878855779776429,1.2626262626262625,False
만리동2가,363,61.352617079889804,60.0,170.7924517906336,29183.955922865014,18648.0,61.36494490358126,1.012058808676089,0.9412761351201892,True
충무로4가,40,79.125,87.5,137.0625,15450.0,3500.0,80.338325,1.0126427024459541,0.9624547422697856,True
수색동,1490,50.060402684563755,37.0,97.48532885906039,12646.646979865773,8918.0,52.07022818791946,1.0132641251073926,0.8034145116746172,True
한강로2가,2488,37.18207395498392,33.0,86.64895850080386,13191.169212218649,16052.0,39.73780506430868,1.0138899727220907,0.700098013721921,True
율현동,418,54.133971291866025,50.0,103.5401495215311,13174.98086124402,6151.0,53.9006961722488,1.0365355879978246,0.9179694205255126,True
주성동,101,52.386138613861384,53.0,74.52027227722772,5902.435643564357,2840.0,57.45990099009901,1.0496149379268145,0.9473684210526315,True
남학동,5,42.8,44.0,60.05,4600.0,5000.0,44.19,1.0555658379007862,0.7939658594680429,False
산천동,322,63.48136645962733,55.0,136.882573757764,19573.655279503106,20000.0,60.51959627329193,1.064151446243011,1.0186053556533972,True
온수동,647,52.755795981452856,47.0,78.48744397217929,6861.772797527048,2000.0,55.439466769706335,1.0790334036522118,0.9462016761286833,True
무악동,288,76.84027777777777,70.0,194.70310329861113,31430.086805555555,30000.0,76.02694791666666,1.0889505696526365,1.0719518422499803,True
거여동,6215,44.02928399034594,35.0,84.80536122284794,10873.62059533387,5000.0,46.38004682220434,1.0899372211335094,0.7924464677120215,True
평창동,411,60.90997566909976,60.0,109.47484793187347,12950.632603406326,6000.0,65.01140145985401,1.093056192009731,1.0495932826029915,True
토정동,69,66.6086956521739,60.0,178.38657608695652,29807.434782608696,30000.0,62.372608695652175,1.096340109073371,1.0593220338983051,True
청운동,58,66.12068965517241,61.5,141.5344827586207,20110.344827586207,22000.0,65.86344827586207,1.0987357761374423,0.9262750205648479,True
개봉동,8566,50.84683632967546,45.0,88.89730227060471,10146.790917581135,5000.0,57.5718087788933,1.0987743708311546,0.9073925807312517,True
오금동,4111,46.211627341279495,40.0,90.096319326198,11702.584529311604,6148.0,50.20203381172464,1.0995081134315012,0.8465250148141877,True
동작동,247,83.05263157894737,80.0,260.06857287449395,47204.25101214575,50000.0,80.37412145748988,1.1003621774052879,1.0002353494939986,True
현석동,420,68.67380952380952,68.0,161.05390773809523,24634.692857142858,14200.0,65.18990476190476,1.1214174865235231,1.17096018735363,True
돈암동,1638,65.2008547008547,60.0,117.20147970085469,13866.833333333334,6000.0,61.95535042735043,1.121919469585678,1.0786672323089124,True
홍파동,144,84.58333333333333,86.5,367.7317708333333,75506.25,72900.0,77.92922222222222,1.1220879218186584,1.1787587670183297,True
세곡동,1671,53.001795332136446,37.0,107.07649012567325,14419.918611609815,6713.0,52.84910951526032,1.1236977937434864,0.7036590269400884,True
이촌동,1455,76.2872852233677,73.0,211.1142826460481,35953.865979381444,30000.0,76.65912439862542,1.1280159948446664,1.008267795926598,True
응봉동,731,68.5389876880985,60.0,140.31231019151846,19139.55266757866,15000.0,65.42254445964431,1.1304574642824237,1.1278195488721805,True
행촌동,1104,43.330615942028984,43.5,75.53365942028987,8587.478260869566,8235.0,41.49518297101449,1.1410636900425495,1.1661652479356264,True
개화동,78,46.48717948717949,37.0,62.62660256410256,4303.846153846154,2750.0,53.17628205128205,1.1436193530905654,1.0,True
하중동,53,66.35849056603773,60.0,284.5731132075472,58190.56603773585,70000.0,82.26018867924529,1.1446069412487019,1.0562848951259998,True
문래동2가,68,60.4264705882353,60.0,82.25367647058823,5820.588235294118,5000.0,54.43735294117647,1.1466071610372122,1.0570824524312896,True
청암동,20,56.6,60.0,77.15,5480.0,3500.0,51.161500000000004,1.1521497582175022,1.1995335328747019,False
문래동4가,63,75.39682539682539,75.0,162.74801587301587,23293.650793650795,25000.0,73.73134920634921,1.1569379491478315,1.0588235294117647,True
신정동,16320,49.17267156862745,40.0,91.59034160539215,11311.378676470587,5000.0,49.54675477941176,1.1591629947058026,0.9090909090909091,True
고척동,4829,47.77075999171671,45.0,79.21405803478982,8384.879478152827,4000.0,49.03839946158625,1.1756480326407628,0.9722222222222222,True
동빙고동,317,55.84858044164038,50.0,73.53184148264984,4715.536277602524,1000.0,52.553312302839124,1.178983664384526,1.17096018735363,True
구기동,192,67.44270833333333,60.0,118.69661458333333,13667.708333333334,6500.0,71.70403125,1.1885493568705157,1.0893175095701335,True
가회동,99,55.121212121212125,55.0,99.3465909090909,11793.434343434343,5000.0,55.91171717171717,1.1903016018596841,1.09217999126256,True
증산동,1154,46.418544194107454,40.0,78.99234727036395,8686.347487001733,5000.0,47.553511265164644,1.193139373854708,0.8748906386701663,True
문래동6가,1975,63.64354430379747,59.0,139.80060253164558,20308.548860759493,25000.0,55.9514217721519,1.1933463720809654,0.984974958263773,True
우면동,3528,47.032879818594104,37.5,102.11784686791383,14689.32454648526,7374.0,49.978854875283446,1.2052279839433695,0.7073803348266918,True
신월동,8658,48.63860013860014,45.0,69.65683515246016,5604.8626703626705,2000.0,44.77007669207669,1.2082432536719168,1.0785547715045944,True
옥수동,1569,68.99043977055449,70.0,190.70289435946464,32456.6545570427,30000.0,63.77049458253665,1.2237367585009518,1.1055276381909547,True
평동,75,90.45333333333333,97.0,353.0683333333333,70030.66666666667,70000.0,75.33742666666666,1.225272593735351,1.181893393215932,True
금호동3가,962,56.84823284823285,50.0,106.29390852390853,13185.513513513513,5000.0,51.59100727650728,1.2295368858379607,1.2012616885365759,True
금호동1가,863,65.53650057937428,55.0,155.74692641946697,24056.113557358054,14022.0,57.856564310544606,1.2299145669989018,1.2531328320802004,True
고덕동,3951,58.52012148823083,50.0,134.321766324981,20213.771956466717,10960.0,54.53444975955455,1.231548633474287,1.0131712259371835,True
금호동2가,593,64.76053962900505,58.0,171.28168001686342,28405.637436762227,20000.0,55.93967959527825,1.2357280916206628,1.2502083680613436,True
보문동3가,156,69.3974358974359,60.0,135.10457532051282,17521.903846153848,15000.0,59.25212820512821,1.2445365105841801,1.197701417339776,True
안국동,23,66.52173913043478,59.0,108.3913043478261,11165.217391304348,13000.0,62.646086956521735,1.2471057215543992,0.9122157588577472,False
홍제동,4566,53.23324572930355,50.0,88.70201297634691,9458.337932544897,4707.0,49.24159921156373,1.253070151585856,1.1307100859339665,True
상계동,20338,53.68049955747861,53.0,72.78065382535156,5093.374471432786,2053.5,46.856803471334445,1.254254925949449,1.301561874249099,True
광장동,1790,67.4340782122905,60.0,165.21848952513966,26075.843016759776,24000.0,61.38367597765363,1.2587545379671519,1.2413145001091,True
신천동,1795,82.2217270194986,84.0,274.9380271587744,51391.013370473534,50000.0,76.41403342618385,1.2613262873212052,1.0915706488781078,True
본동,927,56.31715210355987,50.0,117.01771035598705,16186.815533980582,6000.0,55.280978425026966,1.26300148267871,1.1839924224484963,True
누상동,248,47.943548387096776,45.0,90.53024193548387,11356.451612903225,9600.0,46.54362903225806,1.2635995953598933,1.0148724932098445,True
우이동,859,48.034924330616995,43.0,63.181693830034924,4039.138533178114,2000.0,47.5107450523865,1.2650764159359391,1.0851871947911014,True
내발산동,5489,47.10712333758426,40.0,84.48729618327565,9968.04609218437,5500.0,46.02334578247404,1.2713109623474839,0.8834789437518406,True
동소문동2가,50,54.66,55.0,69.9375,4074.0,2000.0,44.8068,1.27408606468791,1.2301498546186536,True
망우동,7099,43.28835047189745,40.0,66.41611758698409,6167.404564023102,3000.0,41.04795844485139,1.275926023070843,1.0302197802197801,True
북가좌동,4209,53.01045378949869,50.0,83.17619149441673,8044.196721311476,3000.0,48.966481824661436,1.2780318061889766,1.1432304425935,True
시흥동,9150,44.772677595628416,40.0,62.005871038251364,4595.51825136612,1560.5,44.80053180327869,1.2791581689816747,1.1111111111111112,True
장위동,5104,46.18652037617555,40.0,72.98005657327586,7144.942985893417,3480.0,45.44438381661442,1.281623163300028,0.9568545581071678,True
중계동,6416,64.74064837905237,69.0,100.17437441552369,9448.993609725685,3000.0,53.097049875311725,1.2846396608606798,1.4184988968743193,True
구산동,2293,46.140863497601394,40.0,67.80925643262103,5778.238116005234,3571.0,41.853776711731356,1.2917749029289136,1.1406844106463878,True
쌍문동,5860,49.430546075085324,47.0,65.7246832337884,4345.103242320819,2000.0,47.06450802047782,1.292028652843545,1.2443338468222933,True
권농동,3,42.666666666666664,40.0,90.54166666666667,12766.666666666666,3000.0,53.346666666666664,1.293774731542851,1.3073507646768623,False
금호동4가,717,64.06694560669456,58.0,154.52889644351464,24123.186889818688,8000.0,56.841154811715484,1.296146621784648,1.1979634621144055,True
영천동,138,72.76811594202898,63.0,147.85371376811594,20022.82608695652,20000.0,63.35057971014492,1.310054956441558,1.3850415512465373,True
보광동,1102,55.06896551724138,50.0,68.10860707803992,3477.2377495462797,1000.0,45.765871143375676,1.3104471236032418,1.3,True
갈현동,4081,46.42930654251409,45.0,66.70016723842195,5405.5628522420975,3000.0,42.920431266846364,1.3155165576551628,1.1261261261261262,True
가락동,11344,50.90982016925247,46.0,117.86467383638929,17854.627644569817,13392.0,45.446182739774336,1.319877103201642,1.0977789124329844,True
산림동,2,95.0,95.0,104.375,2500.0,2500.0,72.94,1.3220599243400326,1.3220599243400326,False
석관동,3659,47.76796939054386,40.0,69.53345005465974,5804.1281770975675,2000.0,41.841918283684066,1.3345454241569814,1.1558219178082192,True
보문동6가,767,51.27770534550196,40.0,79.58718872229466,7549.1955671447195,4237.0,42.296310299869624,1.3372623277485773,1.2349799732977302,True
둔촌동,2831,53.33274461321088,50.0,104.82082479689156,13730.154715648181,6000.0,47.52566336983398,1.339882043593086,1.1957635804578066,True
서빙고동,265,68.09056603773585,60.0,165.03089622641508,25850.754716981133,5000.0,73.76245283018868,1.347829394428713,1.1322463768115942,True
신계동,231,54.16883116883117,48.0,149.24368506493508,25353.29437229437,15000.0,46.16787878787879,1.351841734250547,1.060195547178702,True
신영동,294,57.843537414965986,50.0,87.68792517006803,7958.503401360545,3000.0,50.29326530612245,1.3584106441233161,1.3784078972320548,True
미아동,11871,47.31867576446803,41.0,65.00623957543593,4716.683682924775,1173.0,43.848481341083314,1.363084421955564,1.1379310344827587,True
창성동,56,68.625,70.0,110.94642857142857,11285.714285714286,10000.0,54.471964285714286,1.3643170853423496,1.194921379413333,True
중화동,5762,46.80631725095453,43.0,66.51634718847622,5256.007983339118,2000.0,44.80253002429712,1.3645769850231455,1.23545228987268,True
역촌동,4755,47.797055730809674,45.0,67.55141456361724,5267.829022082019,2000.0,41.457932071503684,1.3660839805732594,1.2081463583016914,True
불광동,7509,47.59834864828872,43.0,69.73336462911173,5902.67092821947,3000.0,41.61310201092023,1.3689862441166583,1.1368334022323274,True
외발산동,91,49.23076923076923,45.0,68.49237637362637,5136.428571428572,3000.0,39.864505494505494,1.3768143601554579,1.0811709913506322,True
암사동,7565,50.15888962326504,45.0,90.00951206212822,10626.832650363516,4000.0,43.54646768010575,1.3787131454864556,1.2271540469973892,True
양평동1가,731,48.310533515731876,44.0,96.54072503419974,12861.38440492476,8000.0,38.52180848153215,1.381706750674524,1.1196228638774308,True
삼선동3가,380,45.11578947368421,45.0,67.1672894736842,5880.4,2112.0,38.80555263157895,1.3907011614020937,1.335473515248796,True
냉천동,301,55.14617940199336,50.0,120.06535714285714,17311.78073089701,5000.0,47.631993355481725,1.3921542056701954,1.0789814415192058,True
옥인동,202,57.91089108910891,52.5,97.07112004950494,10442.727722772277,7000.0,50.964405940594055,1.398345956047045,1.2261580381471389,True
응암동,8965,48.88611266034579,45.0,77.10076464026771,7523.907194645845,3000.0,41.08275158951478,1.398485806646091,1.1860989206499821,True
염곡동,52,66.09615384615384,62.5,128.6346153846154,16676.923076923078,15000.0,59.75096153846154,1.3992085066891504,1.3162639740353408,True
신교동,188,53.579787234042556,50.0,78.40359042553192,6619.68085106383,3000.0,41.3,1.3994842846002487,1.5146455152138043,True
면목동,17923,46.95179378452268,42.0,68.98771334319031,5876.2452156447025,2000.0,39.68676482731686,1.4011615811459168,1.2161223071577485,True
청파동1가,801,47.59051186017478,46.0,68.11874219725344,5474.194756554307,2000.0,42.73051186017478,1.4015029299716153,1.213224143160449,True
녹번동,4476,49.918007149240395,48.0,76.75228915326184,7155.808534405719,3000.0,42.63445554066131,1.407689695527169,1.2305799107829565,True
부암동,385,59.46233766233766,55.0,86.9063474025974,7318.402597402597,3000.0,50.20088311688312,1.4173944876636289,1.4456836018174308,True
풍납동,4717,49.44753020987916,45.0,88.18261580453678,10329.356158575365,5000.0,44.667564553741784,1.4175274441138648,1.25,True
도봉동,4014,51.86671649227703,45.0,64.62773480318884,3402.938216243149,1000.0,44.19738764324863,1.4190707961267794,1.3099916636894129,True
월계동,6767,55.388207477464164,53.0,75.21766994236737,5287.856657307521,2000.0,45.96704108172011,1.42549763840011,1.3960909453530115,True
목동,13950,57.2647311827957,55.0,122.06533360215055,17280.16064516129,6000.0,49.582534982078855,1.426169010968166,1.2215503014524556,True
영등포동,1337,51.086013462976815,45.0,86.16997569184743,9355.72326103216,2000.0,43.6320770381451,1.4289946879634712,1.3636363636363635,True
방학동,6287,49.48544615874026,50.0,63.90703535072372,3845.7571178622557,1000.0,45.05511531732146,1.4304632895114242,1.1538461538461537,True
홍은동,4172,50.93648130393097,47.5,73.39501018696069,5988.941035474592,2000.0,44.23161625119846,1.4306804640409823,1.25,True
중동,759,55.72727272727273,50.0,97.4888537549407,11136.42160737813,4000.0,48.853811594202895,1.4307479692064964,1.2411347517730498,True
창신동,2062,52.33074684772066,47.0,71.27192046556742,5050.9796314258,1500.0,45.938646944713874,1.4327406261066742,1.3007916784882907,True
상왕십리동,488,50.46516393442623,43.0,114.25626024590164,17010.95901639344,10000.0,39.51549180327869,1.4366485298315266,1.2982797792924377,True
효자동,34,74.20588235294117,73.0,105.63970588235294,8382.35294117647,5000.0,56.3714705882353,1.4371509941095293,1.4252343228577233,True
창동,10657,57.74683306746739,55.0,76.9230824809984,5113.666510274937,2000.0,46.95314591348409,1.439675395569491,1.4016820184221066,True
문래동5가,520,56.42307692307692,53.5,100.64123076923077,11791.507692307692,7000.0,43.97230769230769,1.4448813286617563,1.3714856426979947,True
원서동,242,55.28099173553719,50.0,76.13223140495867,5560.330578512397,3000.0,42.21826446280991,1.445338500550044,1.3595166163141994,True
삼전동,10311,47.596644360391814,49.0,82.87015068858501,9406.268354184851,5676.0,38.24549209582,1.44869973979656,1.2958963282937366,True
용산동2가,1315,62.49961977186312,60.0,77.08870817490494,3890.423574144487,1000.0,46.99649733840304,1.4562522086419938,1.4687882496940023,True
사직동,231,69.06060606060606,63.0,144.56872294372295,20135.497835497834,5000.0,58.52809523809524,1.4584182655754812,1.25,True
삼청동,77,57.532467532467535,55.0,81.36444805194805,6355.194805194805,4000.0,48.942337662337664,1.4584614644090654,1.3336889837289942,True
일원동,4536,62.57583774250441,59.0,149.77874035493826,23254.107363315696,15000.0,51.72507186948854,1.459541281566379,1.336385061665149,True
당산동2가,1337,49.37471952131638,40.0,98.43177636499627,13081.881824981301,10000.0,36.905679132385934,1.4623502670426505,1.2509382036527397,True
성북동,845,54.188165680473375,50.0,83.66505177514793,7860.502958579882,4000.0,43.13478106508876,1.4631634943573826,1.3131313131313131,True
하계동,3693,59.68291362036285,60.0,83.86312483076091,6448.0563227728135,2000.0,45.91895207148659,1.4760974544711105,1.5366430260047281,True
계동,86,61.77906976744186,60.0,90.02180232558139,7531.395348837209,4000.0,48.822325581395354,1.4780532807226616,1.5562472209871054,True
용강동,738,63.707317073170735,60.0,147.42397865853658,22324.443089430893,8000.0,51.20535230352304,1.4815715176645075,1.333777925975325,True
북아현동,2775,59.55603603603603,50.0,106.48958873873875,12515.614054054055,3000.0,49.13838594594595,1.4905677645595747,1.185177381548105,True
삼선동1가,779,50.906290115532734,50.0,65.01842105263158,3763.234916559692,1000.0,41.3603594351733,1.4906596539830739,1.4360938247965533,True
오류동,6749,43.9248777596681,44.0,61.690175766780264,4737.412801896578,2000.0,34.86898073788709,1.5043784576297843,1.248303934871099,True
보문동1가,214,53.691588785046726,50.0,95.4884929906542,11145.841121495327,4000.0,40.318841121495325,1.5054396334335078,1.3379940124767942,True
묵동,6067,47.01664743695402,45.0,69.51038239657161,5998.329322564694,3000.0,40.25080187901764,1.5298018403438405,1.375,True
화동,7,82.85714285714286,80.0,101.875,5071.428571428572,2000.0,58.92,1.534208823884144,1.4958274287513778,False
천연동,577,62.12305025996534,55.0,91.06006499133449,7716.5372616984405,3000.0,44.48105719237435,1.53744185692851,1.471097265489789,True
관철동,45,38.022222222222226,30.0,45.74388888888889,2059.1111111111113,1000.0,25.70111111111111,1.5400986507780385,1.0575793184488835,True
개포동,7106,67.69138755980862,65.0,159.32278004503237,24435.03799605967,15000.0,50.14035857022235,1.543547223156327,1.3767209011264079,True
신창동,255,55.54509803921569,50.0,80.67245098039216,6700.6274509803925,3000.0,43.693176470588234,1.5439040822619812,1.4920919128618324,True
성내동,13019,47.959059835624856,47.0,78.22919377448345,8072.035717028958,4580.0,36.76115116368385,1.5447434058356326,1.4285714285714286,True
신길동,13915,48.3904419690981,45.0,74.5571334890406,6977.784405318002,2000.0,43.34733726194754,1.5503884984379153,1.32,True
효창동,1095,59.85022831050228,55.0,111.38934817351597,13743.765296803653,5000.0,49.171618264840184,1.5588339023824234,1.3476157567380787,True
중곡동,15179,47.81349232492259,47.0,70.96237548586863,6173.035509585612,3000.0,37.20076210554055,1.5636725575886823,1.3333333333333333,True
후암동,2246,59.32902938557435,55.0,81.26799365538736,5850.390471950133,2500.0,44.15044523597506,1.5650313188367433,1.5,True
방화동,8407,50.61056262638277,45.0,70.08596794338052,5193.441417866064,1500.0,37.729522421791366,1.5679162500362218,1.6142050040355125,True
잠원동,4548,73.62554969217238,72.0,187.70644184256815,30421.571240105543,20000.0,58.51756882145998,1.5709685743796415,1.4016352411146338,True
교남동,2,55.0,55.0,56.125,300.0,300.0,35.0,1.5714285714285714,1.5714285714285714,False
원효로4가,307,70.1172638436482,70.0,114.65595276872965,11876.983713355048,5000.0,56.73706840390879,1.5739980203254211,1.3544668587896251,True
번동,4275,47.681871345029236,45.0,58.49099239766082,2882.4322807017543,1000.0,36.76588538011696,1.579831532138882,1.398880895283773,True
도림동,3734,53.863952865559725,50.0,75.71280162024638,5826.359667916444,2000.0,38.50711756829137,1.5912711277997214,1.5067088493605483,True
가양동,5377,56.183373628417336,57.0,86.19511042402827,8003.129812162916,3000.0,39.14380621164218,1.5917254130910106,1.7421602787456447,True
양평동5가,1169,52.99144568006844,45.0,111.72569076133448,15662.465355004277,18000.0,36.384773310521815,1.5932110515513227,1.2512512512512513,True
독산동,19883,50.13348086304884,50.0,77.90424231755772,7405.536387869034,2500.0,38.165845697329374,1.5960781817028784,1.3010590015128594,True
사간동,13,54.23076923076923,50.0,69.23076923076923,4000.0,2000.0,45.18615384615384,1.5997361110515695,1.6666666666666667,False
통인동,55,61.6,60.0,95.2,8960.0,3000.0,46.726,1.6154175488887588,1.5698587127158556,True
입정동,169,71.2603550295858,92.0,188.83616863905326,31353.55029585799,30000.0,45.683863905325445,1.6168781379963033,1.8605516535652822,True
양평동6가,1071,51.06069094304389,40.0,97.1784885620915,12298.079365079366,8000.0,34.86016806722689,1.6203131788272878,0.937695353198583,True
당산동1가,1631,48.2047823421214,40.0,94.44263871857757,12330.095033721644,8000.0,33.359509503372166,1.6210732507802557,1.3067015120403211,True
한강로3가,527,61.25047438330171,60.0,140.89745730550285,21239.195445920304,12747.0,47.71926755218216,1.622974732158355,1.285583103764922,True
동소문동1가,213,49.76525821596244,50.0,70.07918427230047,5417.046948356808,4000.0,34.439765258215964,1.6250638613026458,1.6359918200409,True
당인동,278,60.63309352517986,60.0,75.39939298561151,3937.679856115108,2000.0,43.17543165467626,1.6313987315964864,1.6896120150187734,True
송파동,9237,52.521922702176035,50.0,92.11438007469958,10557.988632672947,5500.0,39.557707372523545,1.6354580226010391,1.402321083172147,True
홍익동,528,46.84469696969697,50.0,73.06401515151515,6991.818181818182,3000.0,34.805984848484854,1.6364988038670683,1.4260294865277072,True
잠실동,13273,61.18790024862503,58.0,139.28586585549613,20826.124161832293,10000.0,45.8451455586529,1.6413527591476198,1.4150943396226416,True
화곡동,32749,49.74176310727045,50.0,73.53914436318667,6345.96833491099,3000.0,37.360130904760446,1.6456130377845086,1.3896609227348529,True
갈월동,552,60.10326086956522,58.0,79.39088994565218,5143.367753623188,2130.0,42.111112318840576,1.6681999773372391,1.7428350116189,True
방배동,12341,62.06296086216676,60.0,121.41536950004051,15827.308970099668,6000.0,46.21022137590146,1.6854805492007687,1.4893617021276595,True
안암동3가,524,53.45229007633588,50.0,62.563179866412206,2429.570610687023,1000.0,38.58503816793893,1.69002345906747,1.6613971695272507,True
미근동,154,42.16233766233766,40.0,58.842532467532465,4448.051948051948,2000.0,26.81396103896104,1.690031663442302,1.5251652262328417,True
대림동,9852,48.487007714169714,45.0,62.483601045473,3732.424888347544,1000.0,35.56585089321965,1.6959285325844615,1.5789473684210527,True
보문동4가,180,58.69444444444444,55.0,80.10694444444445,5710.0,3000.0,38.297222222222224,1.6975385338624123,1.5848246940069244,True
신사동,5883,56.1844297127316,52.0,79.0967301971783,6109.9467958524565,2000.0,41.1360746217916,1.6987984839380108,1.425686111441131,True
구의동,14299,53.48136233303028,50.0,85.17998408979649,8452.965801804323,3000.0,37.60231204979369,1.7021109286772205,1.5530903328050714,True
팔판동,9,81.33333333333333,70.0,99.04166666666667,4722.222222222223,3000.0,47.27777777777778,1.7099066423146068,1.7998560115190785,False
명일동,4512,60.512411347517734,60.0,109.72819010416667,13124.207668439716,7500.0,47.46223869680851,1.7148996511594572,1.4297628976528058,True
자곡동,5829,49.07068107737176,50.0,85.23312189054727,9643.317550180134,5000.0,32.96949390976154,1.7170767416223807,1.46948003014318,True
정릉동,7338,52.21122921777051,50.0,71.28513917279913,5086.375988007631,2000.0,40.24261392750068,1.7200360069052232,1.5125732652675363,True
구수동,114,54.35087719298246,46.5,88.66995614035088,9151.754385964912,5000.0,34.045701754385966,1.7200832300526583,1.6458333333333335,True
신대방동,7619,48.353458459115366,45.0,72.85510106313164,6533.771361071007,2000.0,35.30264444152776,1.72478031396086,1.7146123071061155,True
석촌동,10982,51.9953560371517,52.0,83.39798647787288,8374.034784192314,5000.0,36.41547641595338,1.7251461807140136,1.5,True
장안동,8769,53.65161363895541,50.0,81.37205111757326,7392.116660964763,3000.0,37.51927528794618,1.7256894378219902,1.529051987767584,True
삼선동2가,504,59.21031746031746,54.0,86.4838070436508,7272.930555555556,1000.0,43.385932539682535,1.7276915969197824,1.6132749481447337,True
염창동,4659,54.92552049796094,50.0,105.95201196608714,13607.064391500322,10000.0,38.95231702081992,1.7296634976072307,1.5297717109908213,True
남가좌동,5080,51.61712598425197,45.0,88.85629650590552,9930.445472440944,2000.0,40.05395649606299,1.7348659225556877,1.5151515151515151,True
누하동,94,58.53191489361702,57.5,92.18190159574468,8973.329787234043,3000.0,42.81776595744681,1.7374220895144643,1.530928117466579,True
양재동,7601,56.51006446520195,55.0,89.70519027101697,8852.03354821734,4000.0,37.447031443231154,1.7422704242630738,1.6786570743405276,True
원지동,5,63.8,68.0,76.55,3400.0,2000.0,38.156,1.743753500010214,1.8024928092042187,False
망원동,6677,57.41440766811442,55.0,82.31297382806649,6639.617642653887,2000.0,37.46696735060656,1.7440927609958192,1.6666666666666667,True
대조동,6405,43.527556596409056,42.0,66.1831555425449,6041.493052302888,3000.0,32.59711022638564,1.7443681368712853,1.3534218590398366,True
문래동3가,478,74.93723849372385,80.0,174.55543933054392,26564.853556485356,24200.0,63.54776150627615,1.745100258585836,1.1840112707322885,True
종암동,3569,58.81087139254693,50.0,85.40932929391987,7092.922107032782,2000.0,41.278015130288594,1.7488027093198752,1.6450216450216448,True
구로동,20791,52.2740127939974,50.0,68.75931436679332,4396.080419412246,1000.0,36.62233870424703,1.7509903572592322,1.6420361247947455,True
서계동,939,51.294994675186366,50.0,69.19978700745473,4774.611288604899,3000.0,32.97624920127796,1.75180630959969,1.5137753557372085,True
반포동,6830,68.18081991215227,65.0,165.58407101024892,25974.200292825768,3000.0,48.88844450951684,1.7563129491956073,1.6785564414603442,True
천호동,17855,49.42380285634276,47.0,76.07240653878466,7106.2943153178385,3000.0,34.96510842901148,1.756546352176929,1.4757969303423848,True
충신동,309,62.15210355987055,60.0,92.75647249190939,8161.165048543689,3000.0,50.78718446601942,1.7575702672252282,1.3905683192261185,True
송정동,2063,49.691226369365005,46.0,63.83546110033931,3771.795928259816,1000.0,32.52743238002908,1.7589142286463295,1.7278617710583155,True
사당동,18888,51.322850487081745,50.0,83.43960874629394,8564.468869123253,3000.0,36.37095049767048,1.764401934676788,1.6666666666666667,True
상월곡동,847,51.25029515938607,50.0,69.27068772136954,4805.438016528926,1000.0,37.42012987012987,1.7683139466635938,1.6680567139282734,True
흑석동,4225,59.2901775147929,55.0,109.80390236686391,13470.326627218936,3000.0,46.298609940828406,1.7687036644703886,1.5789473684210527,True
동소문동7가,200,67.015,55.0,103.54907499999999,9742.42,5000.0,45.376949999999994,1.7707530677800556,1.8360874645301286,True
당산동4가,1086,64.06813996316758,60.0,118.6770073664825,14562.364640883978,5000.0,45.10375690607735,1.7740576720881687,1.6736401673640167,True
삼선동5가,772,53.174870466321245,50.0,69.63510200777202,4389.395077720207,2000.0,35.42230569948187,1.7746949056066805,1.75,True
창전동,3279,46.308935651113146,35.0,75.2118851021653,7707.45318694724,4670.0,30.159934126258005,1.7766774777624068,1.561054579093432,True
만리동1가,122,75.00819672131148,75.0,141.297131147541,17677.049180327867,10000.0,56.30255737704918,1.7815742506308165,1.5095018984985218,True
도곡동,3525,70.8158865248227,67.0,197.2402535460993,33713.16453900709,12800.0,54.237061560283685,1.7830711780218063,1.5324767181421668,True
상도동,16770,49.59350029815146,48.0,79.04874358974358,7854.731544424568,2000.0,36.63281329755516,1.785447074411033,1.6930842815646363,True
홍지동,128,49.4453125,49.0,67.369140625,4779.6875,1000.0,39.978125,1.7875334247005554,1.7115472387037882,True
공항동,3694,50.11992420140769,45.0,62.90142257715214,3408.399566865187,1000.0,34.188217920952894,1.7881514939626912,1.6734509271822704,True
하왕십리동,2789,66.31086410899964,60.0,131.02190883829329,17256.278594478306,5000.0,46.94452850484044,1.7885768772740136,1.5304921120791146,True
양평동4가,1653,49.07743496672716,49.0,88.31187235329703,10462.516636418633,5000.0,31.424033272837267,1.7903416989869827,1.6050244242847174,True
합동,285,63.27368421052632,73.0,100.11644736842105,9824.736842105263,3000.0,36.83294736842105,1.7952937656704273,2.221462747778537,True
상봉동,7460,48.89530831099196,47.0,75.8715254691689,7193.657908847185,4600.0,33.46181461126005,1.7976501893027488,1.5701431761211557,True
보문동5가,377,59.09814323607427,55.0,70.76400530503979,3110.896551724138,2000.0,36.19827586206897,1.7978266791912425,1.5833521827640804,True
진관동,8258,49.31569387260838,54.0,72.31791686849117,6133.926132235408,2736.0,35.246515257931705,1.8093947644275377,2.0986358866736623,True
자양동,17171,55.77362995748646,50.0,84.65890374759769,7702.739677362996,2000.0,38.01202510046008,1.8122818975567627,1.6571428571428573,True
필동2가,223,61.52466367713004,58.0,78.22788677130045,4454.192825112108,1400.0,43.09073991031391,1.8176798000963834,1.7361111111111112,True
동선동5가,418,54.473684210526315,50.0,69.00116626794258,3873.995215311005,1000.0,35.18808612440191,1.8281515556570436,1.9196077085049896,True
종로6가,21,63.142857142857146,55.0,74.35714285714286,2990.4761904761904,2000.0,51.65857142857143,1.8345160219259329,2.1352313167259784,False
대치동,9049,73.401149298265,70.0,173.37945090617748,26660.88042877666,7000.0,51.792716322245546,1.841005914113118,1.6276239732278674,True
원효로1가,2399,60.884535223009586,67.0,104.82803720300124,11718.267194664444,12106.0,35.92267027928304,1.8452405316892062,1.707992225690559,True
공덕동,3829,62.237137633846956,60.0,107.84493438234526,12162.07913293288,3000.0,39.53687150692087,1.8498454549230134,1.6,True
염리동,2411,60.30568228950643,55.0,103.01202146412278,11388.357113231024,1000.0,38.3215852343426,1.8602356100144677,1.8461538461538463,True
양평동,1,68.0,68.0,71.75,1000.0,1000.0,36.54,1.8609742747673783,1.8609742747673783,False
능동,4134,50.33139816158684,50.0,71.53295476536043,5653.748427672956,3000.0,30.649599661344947,1.8614297444120025,1.875,True
신도림동,3466,71.12088863242931,70.0,134.74114036353146,16965.400461627236,10000.0,50.165843912290825,1.8624269938659899,1.513553943826984,True
등촌동,11211,54.72045312639372,54.0,86.78105454464365,8549.493711533316,4000.0,34.10648318615645,1.8646658935095024,1.869158878504673,True
수서동,2006,79.55483549351945,85.0,146.89542310568294,17957.49002991027,10000.0,46.91024626121635,1.8685434118989819,2.0202020202020203,True
용문동,949,59.703898840885145,55.0,89.85849051633299,8041.224446786091,3000.0,40.31884615384615,1.8839369809460407,1.75,True
가리봉동,2912,43.74690934065934,42.0,54.20763349931319,2789.5264423076924,1000.0,31.246789491758243,1.8854296548205218,2.0,True
하월곡동,3421,57.923998830751245,50.0,85.570407410114,7372.375621163403,2000.0,41.67607863197895,1.8885950115354002,1.6,True
동숭동,860,58.28488372093023,55.0,75.11667151162791,4488.476744186047,3000.0,36.08759302325581,1.8892464720540196,1.812284555280943,True
아현동,2779,68.33357322777978,70.0,134.23996086721843,17575.036703850306,4000.0,44.156822598056856,1.894825737015791,1.70196671709531,True
도화동,2846,69.96275474349964,70.0,110.11552266338722,10707.404778636683,2000.0,49.24320801124386,1.8958605919393094,1.8628296224289838,True
남산동1가,35,61.25714285714286,57.0,76.92142857142858,4177.142857142857,1000.0,52.834857142857146,1.8964782762775092,1.6666666666666667,True
충정로3가,2115,51.791489361702126,41.0,76.46815070921986,6580.443026004728,5310.0,29.924414657210402,1.9026786401690323,1.9605625306337895,True
남창동,40,43.275,43.0,51.196875,2112.5,750.0,28.50275,1.905899901637832,2.111111111111111,True
주교동,2,43.0,43.0,49.5625,1750.0,1750.0,24.765,1.9068910520816147,1.9068910520816147,False
이태원동,2502,72.8800959232614,70.0,90.11161570743405,4595.071942446043,1000.0,45.39725019984013,1.9095861725981267,1.845542305508234,True
내자동,3,51.666666666666664,70.0,70.41666666666667,5000.0,1000.0,28.653333333333336,1.9155753930814914,2.6465028355387523,False
안암동2가,678,52.249262536873154,50.0,61.365412979351035,2430.973451327434,1000.0,32.13380530973451,1.9159460808665096,1.8485547448189914,True
한강로1가,220,70.14090909090909,65.0,112.90829545454545,11404.636363636364,3000.0,42.66925454545455,1.9174248049159284,1.671456397070806,True
안암동4가,163,51.68098159509202,50.0,61.505751533742334,2619.9386503067485,1000.0,31.942085889570553,1.9205046487273294,1.8,True
양평동3가,1484,54.15363881401617,50.0,104.43563763477088,13408.533018867925,8000.0,34.066332210242585,1.927479474113511,1.8102124735691283,True
신원동,1157,60.811581676750215,66.0,109.01395527225584,12853.966292134832,5000.0,39.427934312878136,1.9283707173972686,1.8716577540106953,True
신당동,8231,62.47223909610011,60.0,93.60116860041308,8301.047867816791,2500.0,40.14440408212854,1.9391940038589954,1.7629774730656218,True
길동,9586,51.862612142708116,50.0,76.34006741602336,6527.3214062174,3000.0,33.34765773002295,1.941635116626659,1.7265004110715263,True
전농동,5503,57.41032164274032,50.0,84.18008200072688,7138.602762129747,2000.0,39.38739414864619,1.9477432198875224,1.5964240102171137,True
옥천동,313,49.319488817891376,50.0,58.689696485623,2498.7220447284344,1000.0,30.28884984025559,1.9500851274172128,1.7022593624264932,True
안암동1가,927,56.54476806903991,50.0,69.48698894282633,3451.258899676375,1000.0,32.31708737864078,1.950445069895859,1.9642857142857142,True
성수동2가,2842,58.662913441238565,55.0,88.08501099577762,7845.8926812104155,2000.0,39.37337895847994,1.9538504630365259,1.6666666666666667,True
신림동,50913,48.67092883939269,45.0,63.90002126176026,4061.0913126313517,1000.0,31.146749140690982,1.9546719831234811,1.9473684210526316,True
동선동3가,1001,50.41158841158841,50.0,61.20405844155844,2877.992007992008,1000.0,29.253886113886114,1.9617412554527716,2.0,True
공릉동,11617,47.89377636222777,43.0,62.9192261341138,4006.7866058362742,1000.0,30.85836042007403,1.962259195169819,1.9639934533551555,True
한남동,1003,71.00598205383848,65.0,131.42760094715854,16112.431704885345,2000.0,46.931765702891326,1.962725213648708,1.7421602787456447,True
보문동2가,715,50.83916083916084,50.0,64.66813286713287,3687.7258741258743,2000.0,29.96190909090909,1.9633896434460063,1.8735362997658078,True
예장동,117,55.9059829059829,50.0,74.34793803418803,4917.854700854701,1000.0,35.69435897435897,1.9689347859959507,2.0202020202020203,True
영등포동6가,772,48.16450777202073,47.5,83.83903983160621,9513.208549222798,5000.0,26.082266839378235,1.9692296979441797,1.9428104575163399,True
남현동,3843,51.22872755659641,50.0,77.50801912568306,7007.811085089774,3000.0,33.166157949518606,1.9716659524558742,1.9383111410753413,True
수유동,13180,52.76342943854325,50.0,63.09242773141123,2754.3995447647953,1000.0,36.49259195751138,1.9766967660096075,1.6,True
대방동,5473,51.26585053900968,48.0,79.93170084962543,7644.226749497533,3000.0,32.96141311894756,1.9833156784224046,1.9393939393939394,True
당산동,2591,43.43033577769201,45.0,75.24230654187572,8483.192203782324,5000.0,25.10284832111154,1.9885148738991731,1.9626168224299068,True
봉천동,53239,49.00833975093447,47.0,70.09472513101298,5623.036101354271,2000.0,30.476488457709575,1.9897543563695534,2.0,True
상암동,7566,51.96695744118424,57.0,75.09050968146974,6166.280597409464,2000.0,35.6764565159926,1.9912381450644523,2.216841424762362,True
당산동3가,1767,58.6723259762309,54.0,103.58184210526315,11975.870967741936,5000.0,37.35272948500283,1.9942331810828744,1.7221584385763489,True
용답동,4098,51.10688140556369,50.0,66.63437774524158,4140.665690580771,2000.0,29.582639336261593,1.9966810273652977,1.7857142857142858,True
용산동1가,1,50.0,50.0,61.25,3000.0,3000.0,24.99,2.0008003201280515,2.0008003201280515,False
봉원동,55,52.18181818181818,41.0,58.72727272727273,1745.4545454545455,500.0,32.18227272727273,2.005499540147189,2.1885521885521886,True
마포동,387,54.99483204134367,53.0,86.15047157622739,8308.170542635658,2000.0,42.665416020671834,2.0064417909645393,2.0,True
신수동,2640,57.25606060606061,55.0,90.18244270833333,8780.36856060606,2000.0,37.410476893939396,2.0158186002782164,2.0,True
의주로1가,53,83.52830188679245,105.0,120.10849056603773,9754.716981132075,5000.0,42.94377358490566,2.028957736760114,2.5440976933514245,True
삼선동4가,636,55.62735849056604,51.0,84.22051297169811,7624.841194968553,3000.0,32.130330188679245,2.038325488867105,2.002002002002002,True
상수동,1643,60.04138770541692,58.0,83.62023508825321,6287.692635423006,2000.0,33.95928362751065,2.0447558722946555,2.051282051282051,True
양평동2가,1631,57.15389331698344,55.0,88.63452713059473,8394.835683629675,3000.0,32.519742489270385,2.059134699341005,2.084912812736922,True
남영동,39,61.282051282051285,60.0,69.4551282051282,2179.4871794871797,1000.0,32.238461538461536,2.0613916965414067,2.0,True
보문동7가,176,47.94886363636363,47.0,66.31704545454545,4898.181818181818,1400.0,29.073977272727276,2.065017071837582,2.117362371445856,True
장충동2가,1310,51.89847328244275,50.0,60.17194370229007,2206.258778625954,1000.0,31.570274809160303,2.068371764628924,2.0358125164839307,True
합정동,3650,63.40657534246575,63.0,87.57775410958904,6445.647671232877,2800.0,36.74383534246576,2.0712331552806122,1.8352813142869815,True
이문동,6783,54.60695857290285,50.0,69.37942042606517,3939.3231608432848,1000.0,34.19360533687159,2.0739583667772683,2.0,True
삼성동,5393,71.8132764694975,70.0,134.0618975987391,16599.632301131096,5000.0,42.942495827925086,2.076898255308868,1.9762845849802373,True
답십리동,7580,57.44960422163589,57.0,85.26417595646438,7417.219129287599,2000.0,35.748992216358836,2.080853091398582,1.970649895178197,True
필운동,141,58.695035460992905,55.0,81.07083333333333,5966.879432624113,2000.0,34.062765957446814,2.0965974553854414,2.263374485596708,True
군자동,5973,51.00636196216307,50.0,67.42595952620124,4378.559350410179,1000.0,28.419053741838272,2.101245973285468,2.0303030303030303,True
행당동,5445,61.8,55.0,105.5319779614325,11661.860789715336,2667.0,39.2967204775023,2.1027410265704685,2.0,True
체부동,124,64.61290322580645,60.0,80.28881048387096,4180.241935483871,2000.0,34.777983870967745,2.103645126994242,1.99535500995355,True
충정로2가,406,56.04187192118226,60.0,76.55021551724138,5468.891625615764,2000.0,30.236256157635466,2.10432370496592,2.4243557756532086,True
용산동3가,26,52.03846153846154,50.0,57.33173076923077,1411.5384615384614,1000.0,45.722307692307695,2.1206129525978996,1.9127468060394892,False
동선동2가,891,53.248035914702584,50.0,60.62758136924804,1967.878787878788,1000.0,29.090684624017957,2.1221633430712545,2.163565556036348,True
성북동1가,391,55.33759590792839,55.0,74.89725063938619,5215.907928388747,2000.0,33.59135549872123,2.130906721375898,2.0,True
이화동,243,51.10699588477366,50.0,60.91949588477366,2616.6666666666665,1000.0,29.530493827160495,2.138539891466116,2.305327868852459,True
황학동,2764,59.53437047756874,60.0,93.83397476483358,9146.561143270623,3000.0,31.937842981186687,2.145539158228751,2.3583590136624673,True
회현동1가,309,57.09385113268608,55.0,86.97018608414238,7967.022653721683,2000.0,35.48401294498382,2.1508022758257184,2.0202020202020203,True
영등포동5가,325,52.744615384615386,52.0,85.59530769230768,8760.184615384615,3000.0,29.440276923076922,2.1517400077493467,2.006172839506173,True
용두동,6887,58.97909104109191,60.0,82.1185833817337,6170.53129083781,2000.0,32.266585450849426,2.1519351427573925,2.1459227467811157,True
영등포동7가,2637,52.786879029199845,50.0,88.89013841486538,9627.535836177474,5000.0,28.597921880925295,2.1520445593426833,2.034587995930824,True
영등포동8가,880,55.42045454545455,55.0,98.16774005681819,11399.276136363636,5000.0,31.273761363636364,2.152155600170201,2.373759171342253,True
당산동6가,1436,52.273676880222844,54.0,79.76319028551532,7330.536908077995,3000.0,30.579903899721447,2.168363684258287,2.0371942400804883,True
마장동,4521,53.11015262110153,50.0,74.40906353682813,5679.7095775270955,2000.0,30.460904888299048,2.174781968504613,2.2297108977120126,True
동소문동4가,462,57.72510822510822,58.0,72.8085497835498,4022.251082251082,2000.0,34.39924242424242,2.1763296589552916,2.2947044391982594,True
연남동,4623,61.56478477179321,59.0,78.36640547263681,4480.432186891629,1000.0,34.03670581873242,2.1789297789976794,2.151799687010955,True
필동3가,278,58.39208633093525,55.0,70.33071043165468,3183.63309352518,1000.0,35.03884892086331,2.185275011219719,2.3104503638854785,True
성수동1가,3987,67.52696262854276,63.0,105.20715168046151,10048.050413844996,2000.0,40.56965989465763,2.1878030661154106,1.781512605042017,True
서교동,6341,61.042895442359246,60.0,81.2468770698628,5387.728434000946,2000.0,32.01951963412711,2.1938683919488255,2.142857142857143,True
궁정동,3,47.0,47.0,53.875,1833.3333333333333,2000.0,21.42,2.1942110177404293,2.1942110177404293,False
마곡동,22852,53.65823560301068,60.0,77.1481294306844,6263.971687379661,1500.0,28.09451150883949,2.196080434133291,2.7027027027027026,True
문정동,17683,62.707006729627324,70.0,101.08195342984789,10233.319120058813,4000.0,33.6735707741899,2.204227805787697,2.2988505747126435,True
남산동2가,102,65.20588235294117,60.0,76.19852941176471,2931.372549019608,1000.0,40.19970588235294,2.205056576750605,2.3904761904761904,True
제기동,4296,56.093109869646185,52.0,69.67629684590317,3622.183193668529,1000.0,31.43545879888268,2.223550575453385,2.1725394703335876,True
당산동5가,2208,63.969202898550726,75.0,115.50971750452898,13744.13722826087,5000.0,36.258500905797106,2.232146012108873,2.4237852892473413,True
북창동,17,71.41176470588235,60.0,79.48529411764706,2152.9411764705883,600.0,51.764117647058825,2.257474431444875,1.6263940520446096,False
대흥동,2342,64.05550811272417,60.0,105.72102476515799,11110.804440649017,1047.0,39.34958112724167,2.2629689478417743,1.801801801801802,True
방이동,13720,62.73002915451895,65.0,101.12670061953352,10239.112390670554,3500.0,35.84868192419825,2.266621233311156,2.037037037037037,True
연희동,8840,55.83834841628959,55.0,69.8592179015837,3738.8985294117647,1000.0,30.705839819004527,2.2700808381671997,2.2666666666666666,True
연건동,653,58.546707503828486,55.0,69.8874425727412,3024.196018376723,1500.0,29.957166921898928,2.2702353467115195,2.0,True
휘경동,11017,51.942543342107655,50.0,70.3124600617228,4898.644458564037,1000.0,29.54821802668603,2.2719006346487136,2.1875,True
광희동2가,196,64.2295918367347,60.0,75.36288265306122,2968.877551020408,1000.0,41.067704081632655,2.272883685174293,2.158404038334373,True
여의도동,2612,85.98392036753445,93.0,150.336441424196,17160.672281776417,3000.0,55.64507159264931,2.2836342557295017,2.0816326530612246,True
을지로7가,4,70.0,80.0,74.6875,1250.0,1000.0,36.3475,2.292391378780286,1.9396551724137931,False
청량리동,2469,63.09437019036047,60.0,78.26148288780884,4044.563385986229,1000.0,42.92778452814905,2.2929295240679637,1.8686868686868687,True
신공덕동,2262,61.725464190981434,60.0,104.87201923076924,11505.74801061008,2000.0,34.88402298850575,2.301156294739391,2.365744026496333,True
서초동,14650,71.03590443686006,72.0,133.51503199658703,16661.100682593857,5000.0,40.42324982935153,2.3055219179159376,2.1739130434782608,True
청담동,2207,74.11690077027639,70.0,139.5391747847757,17445.93973719982,3000.0,43.85448436792025,2.3157292922887875,2.121212121212121,True
논현동,9837,71.04950696350514,70.0,98.32668445664328,7273.913998170174,2000.0,35.68543834502389,2.316289175804515,2.2,True
회기동,3384,59.854609929078016,55.0,70.27099069148936,2777.701536643026,1000.0,44.1879713356974,2.3263133955046915,2.25,True
영등포동3가,1465,47.021160409556316,50.0,74.71327730375427,7384.564505119454,3500.0,21.63113310580205,2.328557466597887,2.2941970310391366,True
신문로2가,64,68.59375,55.0,103.5537109375,9322.65625,3000.0,33.70390625,2.334127486700559,2.316714515529334,True
동선동4가,763,54.99344692005243,55.0,66.69927096985583,3121.5530799475755,1000.0,27.13842726081258,2.3398508309934574,2.480477721635278,True
사근동,1841,50.29657794676806,50.0,59.85401615969582,2548.6501901140687,1000.0,24.32255513307985,2.3635619836364796,2.4513947590870666,True
명륜3가,2406,53.76018287614298,50.0,59.58608686616791,1553.5743973399833,500.0,28.766591853699087,2.365870034520015,2.416687865683032,True
가산동,10185,47.43632793323515,50.0,63.966018654884635,4407.917525773196,1000.0,22.492309572901327,2.3678566787696225,2.6223776223776225,True
숭인동,5142,57.55445352003112,60.0,73.39520541618047,4224.200505639828,1000.0,28.691198560871257,2.3708471139319727,2.3994093761535624,True
동소문동3가,16,60.3125,55.0,74.609375,3812.5,3000.0,27.63,2.3872115285641287,2.314814814814815,False
성산동,14333,58.05218726016884,60.0,80.40176838414847,5959.888299727901,2500.0,29.582518314379403,2.3873274138695564,2.1894904458598727,True
장충동1가,415,60.09879518072289,60.0,77.06205120481928,4523.534939759036,1000.0,33.844891566265055,2.388566076092391,2.3324396782841825,True
종로1가,20,90.75,92.5,108.5625,4750.0,2000.0,38.13,2.388694151537165,2.6741832899681985,False
을지로5가,89,67.5505617977528,61.0,84.51303370786516,4523.3258426966295,1000.0,30.85674157303371,2.3905802889422945,2.612915266890631,True
인의동,121,66.67768595041322,78.0,116.82014462809917,13371.322314049587,4000.0,38.32809917355372,2.392326706963893,1.6474464579901154,True
혜화동,828,63.13768115942029,60.0,78.94972826086956,4216.545893719806,1000.0,32.23141304347826,2.3957904788969664,2.5,True
영등포동2가,2782,52.77426312005751,50.0,86.79079079798706,9071.074047447879,5000.0,23.290257728253057,2.3971993538679706,2.3247508318396974,True
내수동,638,86.96081504702194,90.0,112.35795454545455,6772.570532915361,1000.0,38.67540752351097,2.433211767217881,2.6666666666666665,True
노량진동,7454,51.1699758518916,48.0,64.56545277703246,3572.127180037564,500.0,28.59374121277167,2.439564098149626,2.5405786873676783,True
순화동,106,97.38679245283019,107.5,151.65827830188678,14472.396226415094,7500.0,43.66664150943396,2.4448788189439385,2.6670443027437045,True
영등포동1가,3656,45.16247264770241,50.0,74.32771710886215,7777.39852297593,5000.0,19.002424507658645,2.4481998884881384,2.7037466203167244,True
동교동,1173,66.06052855924979,64.0,77.68057331628303,3098.678601875533,1000.0,30.62075873827792,2.454029134970634,2.4,True
역삼동,16497,71.76941262047644,75.0,110.68239907255865,10376.796387221919,2000.0,33.7753136933988,2.517573007933456,2.3516642547033286,True
청파동3가,1532,53.344647519582246,53.0,66.27993717362925,3449.4105744125327,1000.0,25.727637075718015,2.5181927960200543,2.6666666666666665,True
대신동,1075,55.306976744186045,53.0,62.38916395348838,1888.5832558139534,1000.0,25.721218604651163,2.5193145090899907,2.5106837606837606,True
돈의동,5,78.6,80.0,81.975,900.0,1000.0,35.98,2.5436401045882873,2.1367521367521367,False
신촌동,260,56.78076923076923,55.0,61.621153846153845,1290.7692307692307,1000.0,24.328,2.5440550086421005,2.5921495658337763,True
청파동2가,887,56.67756482525366,55.0,66.93804255918828,2736.1273957158965,1000.0,27.506324689966178,2.5552550658355684,2.622289460413515,True
상도1동,3864,54.13328157349896,52.0,65.43698207815736,3014.320134575569,1000.0,26.02237629399586,2.555995338218853,2.6315789473684212,True
명륜1가,1400,60.65357142857143,55.0,73.34108035714286,3383.3357142857144,1000.0,29.66310357142857,2.561821825853916,2.6830357142857144,True
연지동,347,49.720461095100866,49.0,61.38515489913545,3110.585014409222,1000.0,20.183602305475503,2.5720366369516587,2.4257425742574257,True
묘동,1,90.0,90.0,93.75,1000.0,1000.0,34.98,2.572898799313894,2.572898799313894,False
익선동,176,74.72727272727273,70.0,82.5215625,2078.4772727272725,1000.0,32.19903409090909,2.602120151837808,2.7921972001266564,True
동소문동6가,829,51.822677925211096,53.0,75.36856604342582,6278.903498190591,3000.0,23.70283474065139,2.6190417083823205,2.410663641520136,True
문배동,1018,65.65324165029469,70.0,118.71646733791749,14150.19351669941,5000.0,34.90819253438114,2.620469709945075,2.6955907947503364,True
회현동2가,69,67.53623188405797,60.0,84.22916666666667,4451.449275362319,1000.0,42.17463768115942,2.623760673856525,2.5,True
원효로3가,424,66.04716981132076,65.0,84.11521816037737,4818.146226415094,2000.0,30.333372641509435,2.6344377502934857,2.3926605504587153,True
통의동,11,80.27272727272727,80.0,84.77272727272727,1200.0,1000.0,32.99090909090909,2.6539687803276624,2.2222222222222223,False
견지동,12,98.33333333333333,105.0,110.20833333333333,3166.6666666666665,1500.0,36.733333333333334,2.6692311903825465,2.788864028810815,False
영등포동4가,796,56.76256281407035,63.0,82.22934987437186,6791.143216080402,2000.0,24.318442211055277,2.677607179872409,2.857142857142857,True
명륜2가,886,70.7392776523702,63.0,88.47564334085779,4729.697516930022,1000.0,32.250858916478556,2.681520501258154,2.5505639890364744,True
수송동,17,107.94117647058823,110.0,126.80147058823529,5029.411764705882,3000.0,43.24470588235294,2.6815752279869622,2.8392958546280522,False
경운동,63,63.17460317460318,60.0,79.06746031746032,4238.0952380952385,1000.0,27.34174603174603,2.7011852501196354,2.807133421400264,True
을지로2가,2,120.0,120.0,123.75,1000.0,1000.0,44.11,2.720471548401723,2.720471548401723,False
을지로6가,65,79.18461538461538,85.0,116.02957692307692,9825.323076923078,2000.0,33.39261538461538,2.731776144727956,3.136762860727729,True
신설동,1817,58.939460649422124,64.0,75.23713813979087,4346.047330764997,1000.0,23.394681342872868,2.7361482163842155,2.649240551042035,True
충무로3가,187,80.20320855614973,93.0,98.76169786096257,4948.9304812834225,1000.0,29.167700534759362,2.745780977205961,3.1894934333958727,True
도선동,1805,63.58393351800554,63.0,89.55839889196676,6926.524099722992,2000.0,26.79329085872576,2.749450550636501,2.557108762359359,True
명륜4가,321,58.14641744548287,50.0,68.67270249221184,2807.0093457943926,1000.0,25.469283489096576,2.750431097136246,2.857142857142857,True
을지로4가,17,76.29411764705883,94.0,101.81617647058823,6805.882352941177,2500.0,27.174705882352942,2.754637159333464,3.3684210526315788,False
창천동,7091,59.317162600479485,57.0,68.38736496967988,2418.720631786772,1000.0,25.320375264419685,2.7689983223903845,2.7777777777777777,True
노고산동,2772,67.07936507936508,64.0,78.6879365079365,3095.6190476190477,1000.0,27.27994227994228,2.7861631414360715,2.6607538802660753,True
쌍림동,203,62.206896551724135,61.0,77.30387931034483,4025.862068965517,1000.0,33.16669950738916,2.803877451171429,2.525252525252525,True
묵정동,304,66.4342105263158,60.0,79.8170230263158,3568.75,1000.0,30.258223684210527,2.8075256091099803,2.7074189289166317,True
화양동,15155,56.91388980534477,55.0,66.20123655559222,2476.625800065985,1000.0,22.840439656878917,2.8115969711370368,2.727272727272727,True
회현동3가,20,55.6,60.0,66.2875,2850.0,3000.0,57.454499999999996,2.8169140160993558,3.8141510531828233,False
안암동5가,1917,59.35993740219092,57.0,65.07517605633802,1524.0636411058947,1000.0,23.27735002608242,2.823713149374277,2.672718103883006,True
동선동1가,321,52.6417445482866,50.0,69.10465342679127,4390.109034267913,3000.0,21.476604361370715,2.827115348264652,2.708978328173375,True
교북동,194,87.39690721649484,99.0,144.6550386597938,15268.835051546392,10000.0,32.603067010309275,2.8320519115996943,3.4904834259004955,True
동자동,486,81.05349794238683,85.0,105.50365226337449,6520.041152263375,1000.0,37.687345679012346,2.860990644181933,2.8055555555555554,True
원효로2가,384,80.48697916666667,80.0,107.09312174479167,7094.971354166667,3350.0,35.93938541666667,2.8932781788862165,2.0701355163366344,True
필동1가,38,84.1842105263158,90.0,131.4046052631579,12592.105263157895,5500.0,31.523947368421048,3.009969197451352,3.2045057735611824,True
오장동,280,60.24285714285714,63.0,83.26824553571429,6140.103571428572,1000.0,21.256214285714286,3.1055088754463545,2.937062937062937,True
낙원동,48,66.39583333333333,60.0,73.54427083333333,1906.25,1000.0,26.797083333333333,3.1388583647347126,3.0,True
충무로5가,336,75.00892857142857,78.0,90.65848214285714,4173.214285714285,1000.0,24.27610119047619,3.166370632681108,3.3000434216239687,True
저동2가,176,68.7159090909091,78.0,86.75215198863636,4809.664772727273,3000.0,21.118352272727275,3.255745461104184,3.6175710594315245,True
중림동,1053,73.89078822412156,72.0,103.1496094491928,7802.35232668566,1000.0,34.58039126305793,3.2614191878863528,3.2268473701193936,True
인현동2가,453,99.06181015452539,120.0,134.3064293598234,9398.565121412803,5000.0,31.87003973509934,3.318427528393151,4.0733197556008145,True
원남동,209,69.37320574162679,63.0,78.49162679425838,2431.5789473684213,1000.0,22.92129186602871,3.344410667998664,3.1832651205093225,True
광희동1가,355,62.63098591549296,45.0,84.75012323943662,5898.43661971831,6910.0,18.17481690140845,3.3712893115567786,2.5477707006369426,True
흥인동,657,76.01217656012176,75.0,86.01674277016743,2667.884322678843,1000.0,23.389954337899546,3.4146284528072752,3.367139959432049,True
무학동,71,66.73239436619718,68.0,71.91373239436619,1381.6901408450703,1000.0,24.878028169014083,3.4309836475126105,3.877221324717286,True
운니동,43,68.83720930232558,69.0,72.5,976.7441860465116,1000.0,20.36186046511628,3.529117380429855,3.6912751677852347,True
효제동,442,73.34162895927602,75.0,89.697907239819,4361.6742081447965,1000.0,21.509117647058826,3.670999910641967,3.9965277777777777,True
충무로2가,277,75.37906137184116,80.0,85.5486010830325,2711.8772563176894,1000.0,19.643826714801445,3.909345807620275,4.1420118343195265,True
대현동,4199,73.81567039771375,77.0,89.75974428435342,4251.753036437247,1000.0,21.993661586091925,3.915906337524775,4.183266932270916,True
동소문동5가,268,71.42910447761194,80.0,96.38829291044776,6655.7835820895525,3000.0,25.093485074626866,3.9480001784406533,4.799040191961607,True
정동,145,77.63448275862069,85.0,119.57887931034483,11185.172413793103,8000.0,21.613455172413794,3.959190649025721,3.956043956043956,True
종로5가,62,84.85483870967742,93.5,99.40120967741936,3879.032258064516,1000.0,19.32,4.432890243097278,4.928835002635741,True
관수동,107,81.90654205607477,80.0,91.77570093457943,2631.7757009345796,1000.0,19.11,4.544800496985816,4.405286343612334,True
와룡동,4,105.0,105.0,110.625,1500.0,1500.0,29.5,4.627926421404682,4.627926421404682,False
